City_ID,City,Country,Date,Lat,Lng,Max Temp,Humidity,Cloudiness,Wind Speed
0,Pangkalanbuun,ID,2022-07-18 04:07:38,-2.6833,111.6167,88.59,58,100,2.98
1,Tuktoyaktuk,CA,2022-07-18 04:02:11,69.4541,-133.0374,57.94,66,100,14.61
2,Luganville,VU,2022-07-18 04:07:39,-15.5333,167.1667,81.25,80,37,9.86
3,Punta Arenas,CL,2022-07-18 03:58:32,-53.15,-70.9167,33.91,80,75,29.93
4,Cherskiy,RU,2022-07-18 04:07:40,68.75,161.3,56.28,38,82,20.27
5,Port Alfred,ZA,2022-07-18 04:05:08,-33.5906,26.891,64.18,44,3,4.0
6,Saint-Philippe,RE,2022-07-18 04:02:06,-21.3585,55.7679,65.79,84,81,22.03
7,La Ronge,CA,2022-07-18 04:07:42,55.1001,-105.2842,63.09,60,68,0.29
8,Mehamn,NO,2022-07-18 04:07:42,71.0357,27.8492,51.75,100,75,5.75
9,Saquena,PE,2022-07-18 04:07:43,-4.6667,-73.5167,72.52,97,64,0.29
10,Nikolskoye,RU,2022-07-18 04:00:40,59.7035,30.7861,57.87,95,93,5.46
11,Half Moon Bay,US,2022-07-18 04:07:44,37.4636,-122.4286,72.54,83,0,14.97
12,Mwene-Ditu,CD,2022-07-18 04:07:45,-7.0,23.45,63.61,47,5,4.68
13,Ternate,ID,2022-07-18 04:07:45,0.8,127.4,79.23,84,100,3.02
14,Busselton,AU,2022-07-18 04:00:36,-33.65,115.3333,61.59,63,17,12.55
15,Waterfoot,GB,2022-07-18 04:07:47,53.6929,-2.2525,68.56,75,100,4.43
16,Albany,US,2022-07-18 04:00:43,42.6001,-73.9662,75.31,77,100,3.4
17,Hermanus,ZA,2022-07-18 04:02:00,-34.4187,19.2345,51.8,82,5,7.14
18,Itabira,BR,2022-07-18 04:07:48,-19.6192,-43.2269,55.69,91,26,1.43
19,Rikitea,PF,2022-07-18 04:00:36,-23.1203,-134.9692,74.07,78,98,13.82
20,Labuhan,ID,2022-07-18 04:07:49,-6.8844,112.2051,84.02,68,76,6.85
21,Saldanha,ZA,2022-07-18 04:07:50,-33.0117,17.9442,55.69,92,0,6.69
22,Dudinka,RU,2022-07-18 04:07:51,69.4058,86.1778,61.63,52,100,10.38
23,Yellowknife,CA,2022-07-18 04:03:44,62.456,-114.3525,60.46,66,99,7.4
24,Ushuaia,AR,2022-07-18 03:55:56,-54.8,-68.3,37.06,75,75,17.27
25,Nankana Sahib,PK,2022-07-18 04:07:52,31.4475,73.6972,93.04,47,32,3.87
26,Butaritari,KI,2022-07-18 04:07:53,3.0707,172.7902,82.44,73,11,14.2
27,Ribeira Grande,PT,2022-07-18 04:07:54,38.5167,-28.7,71.38,94,4,6.02
28,Ponta Do Sol,PT,2022-07-18 04:02:26,32.6667,-17.1,71.01,82,15,6.98
29,Port-Gentil,GA,2022-07-18 04:07:55,-0.7193,8.7815,73.98,77,40,7.31
30,Antofagasta,CL,2022-07-18 04:07:56,-23.65,-70.4,56.48,75,4,5.03
31,Bilibino,RU,2022-07-18 04:07:56,68.0546,166.4372,43.93,57,98,20.6
32,Caxito,AO,2022-07-18 04:07:57,-8.5785,13.6643,70.74,82,100,0.85
33,Xichang,CN,2022-07-18 04:07:58,27.8964,102.2634,80.06,74,100,2.28
34,Lebu,CL,2022-07-18 04:07:58,-37.6167,-73.65,45.75,73,98,6.76
35,Tiksi,RU,2022-07-18 04:00:55,71.6872,128.8694,41.9,64,100,7.29
36,Nanortalik,GL,2022-07-18 04:07:59,60.1432,-45.2371,41.61,93,39,8.41
37,Mataura,NZ,2022-07-18 03:59:09,-46.1927,168.8643,53.47,73,99,9.33
38,Namatanai,PG,2022-07-18 04:08:00,-3.6667,152.4333,84.34,70,55,10.65
39,Ustka,PL,2022-07-18 04:08:01,54.5805,16.8619,59.65,87,100,11.43
40,Wembley,AU,2022-07-18 04:08:02,-31.9333,115.8,65.19,83,40,12.66
41,Kaitangata,NZ,2022-07-18 04:03:32,-46.2817,169.8464,56.35,64,70,8.86
42,Sao Filipe,CV,2022-07-18 04:05:01,14.8961,-24.4956,73.33,82,64,12.93
43,Sembe,CG,2022-07-18 04:08:04,1.6481,14.5806,70.77,95,99,2.15
44,East London,ZA,2022-07-18 04:08:04,-33.0153,27.9116,68.11,33,0,7.23
45,Nueva Guinea,NI,2022-07-18 04:03:35,11.6876,-84.4562,72.73,98,85,6.38
46,Denpasar,ID,2022-07-18 04:07:28,-8.65,115.2167,82.06,78,40,12.66
47,Marsa Matruh,EG,2022-07-18 04:09:06,31.3525,27.2453,77.36,75,0,12.28
48,Codrington,AU,2022-07-18 04:00:34,-38.2667,141.9667,50.59,67,100,11.63
49,Hobart,AU,2022-07-18 03:58:09,-42.8794,147.3294,43.05,79,75,19.57
50,Russell,US,2022-07-18 04:02:14,32.3502,-85.1999,80.2,94,0,3.44
51,Souillac,MU,2022-07-18 04:09:08,-20.5167,57.5167,68.97,81,68,20.04
52,Santa Cruz,BO,2022-07-18 04:09:08,-17.8,-63.1667,56.66,88,75,2.3
53,Kapaa,US,2022-07-18 04:03:33,22.0752,-159.319,82.38,85,100,14.97
54,Bluff,NZ,2022-07-18 04:01:10,-46.6,168.3333,53.8,94,98,12.97
55,Geraldton,AU,2022-07-18 04:09:10,-28.7667,114.6,66.61,72,38,4.61
56,Jamestown,US,2022-07-18 04:00:29,42.097,-79.2353,67.01,87,100,12.66
57,Soyo,AO,2022-07-18 04:09:11,-6.1349,12.3689,69.94,89,67,4.36
58,Krasnoselkup,RU,2022-07-18 04:09:12,65.7,82.4667,65.35,52,79,14.41
59,Beloha,MG,2022-07-18 04:09:12,-25.1667,45.05,62.58,81,0,10.83
60,Kupang,ID,2022-07-18 04:09:13,-10.1667,123.5833,82.18,58,100,12.46
61,Vaini,TO,2022-07-18 04:00:39,-21.2,-175.2,75.56,80,77,22.24
62,Winnemucca,US,2022-07-18 04:09:14,40.973,-117.7357,89.65,19,100,12.66
63,Lazaro Cardenas,MX,2022-07-18 04:09:15,17.9583,-102.2,78.55,86,92,2.55
64,Puerto Ayora,EC,2022-07-18 04:02:23,-0.7393,-90.3518,68.56,92,69,5.01
65,Ngunguru,NZ,2022-07-18 04:09:16,-35.6167,174.5,58.5,72,100,13.91
66,Banes,CU,2022-07-18 04:09:17,20.9625,-75.7186,80.46,80,0,14.38
67,Markovo,RU,2022-07-18 04:09:17,57.3206,107.0881,74.37,48,36,3.91
68,Tasiilaq,GL,2022-07-18 04:00:36,65.6145,-37.6368,41.16,84,98,2.84
69,Cabedelo,BR,2022-07-18 04:09:18,-6.9811,-34.8339,70.47,77,12,12.66
70,Faanui,PF,2022-07-18 04:09:19,-16.4833,-151.75,76.82,72,81,16.42
71,Aklavik,CA,2022-07-18 04:03:46,68.2191,-135.0107,72.54,44,97,8.41
72,Manggar,ID,2022-07-18 04:07:21,-2.8833,108.2667,82.99,77,86,9.62
73,Rawson,AR,2022-07-18 04:09:20,-43.3002,-65.1023,45.07,56,31,27.02
74,Pokaran,IN,2022-07-18 04:09:21,26.9167,71.9167,86.29,69,99,3.62
75,Iqaluit,CA,2022-07-18 04:00:13,63.7506,-68.5145,38.7,93,98,8.19
76,Chokurdakh,RU,2022-07-18 03:59:58,70.6333,147.9167,59.72,35,59,15.48
77,Kashi,CN,2022-07-18 04:09:23,39.4547,75.9797,90.72,16,0,2.37
78,Tautira,PF,2022-07-18 04:09:23,-17.7333,-149.15,75.45,71,58,10.67
79,Valle Hermoso,MX,2022-07-18 04:09:24,25.6667,-97.8333,82.26,74,0,11.81
80,Atuona,PF,2022-07-18 03:59:05,-9.8,-139.0333,78.13,74,25,20.15
81,Port Hedland,AU,2022-07-18 04:09:25,-20.3167,118.5667,80.65,26,0,5.75
82,Kodiak,US,2022-07-18 04:00:49,57.79,-152.4072,56.55,75,95,9.24
83,Tazovskiy,RU,2022-07-18 04:09:26,67.4667,78.7,61.45,53,100,14.0
84,Lata,PT,2022-07-18 04:09:27,40.1629,-8.3327,64.08,94,47,2.37
85,Manado,ID,2022-07-18 04:09:27,1.487,124.8455,74.17,94,40,1.14
86,Abonnema,NG,2022-07-18 04:09:28,4.7084,6.7931,73.08,88,96,4.65
87,San Ramon,US,2022-07-18 04:05:31,37.7799,-121.978,73.02,71,0,9.22
88,Lerwick,GB,2022-07-18 04:09:29,60.1545,-1.1494,53.6,87,97,8.97
89,Boddam,GB,2022-07-18 04:09:30,57.4667,-1.7833,61.43,93,100,7.09
90,Argelia,CO,2022-07-18 04:09:30,2.2556,-77.2488,65.26,95,99,1.07
91,Nasice,HR,2022-07-18 04:09:31,45.4886,18.0878,57.74,77,16,0.78
92,Khatanga,RU,2022-07-18 04:02:21,71.9667,102.5,60.82,55,100,2.64
93,Mosetse,BW,2022-07-18 04:09:32,-20.75,26.65,50.11,85,0,10.98
94,Kiunga,PG,2022-07-18 04:09:33,-6.1219,141.2906,83.19,76,100,2.35
95,Belaya Gora,RU,2022-07-18 04:10:33,68.5333,146.4167,65.48,39,86,6.49
96,Sibolga,ID,2022-07-18 04:10:34,1.7427,98.7792,87.03,56,32,4.41
97,Brae,GB,2022-07-18 04:10:34,60.3964,-1.353,53.28,89,94,9.22
98,Suntar,RU,2022-07-18 04:10:35,62.1444,117.6319,70.56,52,84,3.85
99,Vila Franca Do Campo,PT,2022-07-18 04:10:36,37.7167,-25.4333,74.19,88,72,4.76
100,Saint-Pierre,RE,2022-07-18 04:00:07,-21.3393,55.4781,67.91,88,75,24.16
101,Carauari,BR,2022-07-18 04:10:37,-4.8828,-66.8958,73.44,94,61,2.37
102,Innisfail,AU,2022-07-18 04:10:38,-17.5333,146.0333,71.49,75,88,11.43
103,Ketchikan,US,2022-07-18 04:10:39,55.3422,-131.6461,54.07,94,100,11.5
104,Bredasdorp,ZA,2022-07-18 04:10:39,-34.5322,20.0403,50.92,88,3,4.09
105,Santa Rosa,PH,2022-07-18 04:10:40,14.3122,121.1114,86.11,76,90,1.79
106,Cidreira,BR,2022-07-18 04:10:41,-30.1811,-50.2056,49.53,80,0,4.36
107,Avarua,CK,2022-07-18 04:02:13,-21.2078,-159.775,73.45,78,20,8.05
108,Qaanaaq,GL,2022-07-18 04:05:06,77.484,-69.3632,41.4,69,51,1.39
109,Abu Samrah,SY,2022-07-18 04:10:43,35.3029,37.1841,75.79,54,0,7.43
110,Kerchevskiy,RU,2022-07-18 04:10:43,59.946,56.2884,71.24,51,28,1.52
111,Lavrentiya,RU,2022-07-18 04:10:44,65.5833,-171.0,38.44,69,99,25.79
112,Samarai,PG,2022-07-18 04:10:45,-10.6167,150.6667,81.88,75,44,8.41
113,The Valley,AI,2022-07-18 04:09:59,18.217,-63.0578,82.09,77,1,18.97
114,Kemijarvi,FI,2022-07-18 04:10:46,66.7131,27.4306,54.07,87,71,6.69
115,Sijunjung,ID,2022-07-18 04:10:46,-0.6876,100.9537,89.49,52,9,1.74
116,San Patricio,US,2022-07-18 04:10:47,28.017,-97.5169,85.84,75,19,12.55
117,Komsomolskiy,UZ,2022-07-18 04:10:47,40.4272,71.7189,92.12,24,0,2.3
118,Tevaitoa,PF,2022-07-18 04:10:48,-16.7833,-151.5,77.0,68,58,16.53
119,Clyde River,CA,2022-07-18 04:10:49,70.4692,-68.5914,37.22,80,1,5.1
120,Gao,ML,2022-07-18 04:10:49,16.6362,1.637,82.69,52,98,9.4
121,Sola,VU,2022-07-18 04:02:01,-13.8833,167.55,80.2,80,29,19.51
122,Hilo,US,2022-07-18 04:00:58,19.7297,-155.09,86.29,91,100,10.36
123,Ust-Omchug,RU,2022-07-18 04:10:51,61.15,149.6333,73.24,64,84,2.84
124,Biloela,AU,2022-07-18 04:10:52,-24.4167,150.5,72.52,37,0,2.98
125,Alyangula,AU,2022-07-18 04:10:52,-13.8483,136.4192,78.12,62,77,7.94
126,Komarno,SK,2022-07-18 04:10:53,47.7636,18.1226,57.06,53,26,2.44
127,Katsuura,JP,2022-07-18 04:10:54,35.1333,140.3,81.54,77,100,14.07
128,Torbay,CA,2022-07-18 04:10:54,47.6666,-52.7314,63.39,74,100,10.0
129,Norman Wells,CA,2022-07-18 04:02:19,65.282,-126.8329,67.93,61,93,5.03
130,Chuy,UY,2022-07-18 04:10:55,-33.6971,-53.4616,41.63,87,54,6.89
131,Cape Town,ZA,2022-07-18 04:06:04,-33.9258,18.4232,58.12,90,12,3.0
132,Baykit,RU,2022-07-18 04:10:57,61.67,96.37,70.48,47,20,9.71
133,Pevek,RU,2022-07-18 04:10:57,69.7008,170.3133,32.18,89,99,19.93
134,Arraial Do Cabo,BR,2022-07-18 04:02:09,-22.9661,-42.0278,70.45,92,23,7.09
135,Zorritos,PE,2022-07-18 04:10:58,-3.6805,-80.6782,68.76,78,66,3.42
136,New Norfolk,AU,2022-07-18 04:02:08,-42.7826,147.0587,42.71,77,85,6.04
137,Marawi,PH,2022-07-18 04:11:00,7.9986,124.2928,74.55,90,100,2.28
138,Port Elizabeth,ZA,2022-07-18 04:11:00,-33.918,25.5701,61.09,95,0,1.14
139,Vestmannaeyjar,IS,2022-07-18 04:11:01,63.4427,-20.2734,48.51,91,53,4.61
140,Makakilo City,US,2022-07-18 04:12:02,21.3469,-158.0858,82.72,62,40,18.41
141,Nikitinskiy,RU,2022-07-18 04:12:02,54.5845,86.0115,63.99,57,39,10.18
142,Sioux Lookout,CA,2022-07-18 04:12:03,50.1001,-91.917,75.27,60,75,29.93
143,Pavlovskaya Sloboda,RU,2022-07-18 04:08:14,55.8156,37.0828,59.52,95,100,5.46
144,Chiredzi,ZW,2022-07-18 04:12:04,-21.05,31.6667,56.5,87,66,3.53
145,Acapulco,MX,2022-07-18 04:02:10,16.8634,-99.8901,80.24,79,100,1.54
146,Waipawa,NZ,2022-07-18 04:12:05,-41.4122,175.5153,51.8,74,79,17.85
147,Sakakah,SA,2022-07-18 04:12:06,29.9697,40.2064,88.79,16,1,2.3
148,Whitehorse,CA,2022-07-18 04:12:05,60.7161,-135.0538,52.88,73,92,11.43
149,Provideniya,RU,2022-07-18 04:12:07,64.3833,-173.3,41.36,70,40,22.37
150,Saskylakh,RU,2022-07-18 04:12:08,71.9167,114.0833,55.33,38,100,11.21
151,Carnarvon,AU,2022-07-18 04:03:43,-24.8667,113.6333,70.27,57,32,12.77
152,Maiduguri,NG,2022-07-18 04:12:10,11.8464,13.1603,72.25,89,93,5.37
153,Humaita,BR,2022-07-18 04:12:11,-7.5061,-63.0208,80.91,62,83,1.34
154,Maragogi,BR,2022-07-18 04:12:01,-9.0122,-35.2225,73.54,81,6,7.54
155,Vila Velha,BR,2022-07-18 04:09:35,-20.3297,-40.2925,69.75,90,0,2.3
156,Victoria,HK,2022-07-18 04:09:05,22.2855,114.1577,93.25,88,100,4.0
157,Udalguri,IN,2022-07-18 04:12:12,26.7667,92.1333,88.95,66,81,14.63
158,Alofi,NU,2022-07-18 04:12:13,-19.0595,-169.9187,77.07,75,20,24.36
159,Bengkulu,ID,2022-07-18 04:12:14,-3.8004,102.2655,84.76,63,45,3.83
160,Vao,NC,2022-07-18 04:12:14,-22.6667,167.4833,72.45,80,61,16.08
161,Coquimbo,CL,2022-07-18 04:12:15,-29.9533,-71.3436,49.73,81,0,4.61
162,Ilulissat,GL,2022-07-18 04:12:16,69.2167,-51.1,44.62,65,44,3.44
163,Tias,ES,2022-07-18 04:11:31,28.9611,-13.645,69.48,78,40,12.66
164,Borogontsy,RU,2022-07-18 04:12:17,62.6683,131.1683,89.64,36,15,6.69
165,Hauterive,FR,2022-07-18 04:12:17,46.0901,3.4459,59.76,57,14,2.46
166,Port Hardy,CA,2022-07-18 04:12:19,50.6996,-127.4199,55.96,85,66,11.68
167,Caravelas,BR,2022-07-18 04:12:20,-17.7125,-39.2481,69.93,90,4,4.34
168,Bilma,NE,2022-07-18 04:12:21,18.6853,12.9164,84.6,50,33,9.66
169,Chebenki,RU,2022-07-18 04:12:21,51.9337,55.7077,77.79,66,3,4.36
170,Portland,US,2022-07-18 04:07:51,45.5234,-122.6762,68.41,59,20,14.97
171,Rudnogorsk,RU,2022-07-18 04:12:22,57.2639,103.7519,71.44,47,90,6.62
172,Turukhansk,RU,2022-07-18 04:12:23,65.8167,87.9833,67.46,45,74,7.29
173,Gorontalo,ID,2022-07-18 04:12:24,0.5412,123.0595,73.74,98,100,2.04
174,Vieste,IT,2022-07-18 04:12:24,41.8825,16.175,77.72,68,3,12.01
175,Vostok,RU,2022-07-18 04:12:25,46.4856,135.8833,63.41,88,100,2.62
176,Lompoc,US,2022-07-18 04:12:26,34.6391,-120.4579,73.78,90,0,3.44
177,Sisimiut,GL,2022-07-18 04:12:26,66.9395,-53.6735,45.09,78,100,2.04
178,Castro,BR,2022-07-18 04:12:27,-24.7911,-50.0119,59.9,96,100,7.09
179,Penzance,GB,2022-07-18 04:12:28,50.1186,-5.5371,65.08,76,73,14.09
180,Bradley,US,2022-07-18 04:12:28,35.1501,-84.8666,80.31,75,20,5.75
181,Macerata,IT,2022-07-18 04:12:29,43.2,13.1667,65.95,68,0,1.88
182,Modasa,IN,2022-07-18 04:09:10,23.4667,73.3,80.92,82,100,11.36
183,Scottsbluff,US,2022-07-18 04:12:30,41.8666,-103.6672,84.78,45,0,9.22
184,Ugleuralskiy,RU,2022-07-18 04:12:31,58.9534,57.5846,69.26,59,46,3.06
185,Bethel,US,2022-07-18 04:13:32,41.3712,-73.414,74.35,89,0,0.0
186,Manavalakurichi,IN,2022-07-18 04:13:32,8.1333,77.3,81.77,71,100,18.41
187,Marzuq,YE,2022-07-18 04:13:33,14.4,46.4667,82.36,28,68,3.94
188,Isangel,VU,2022-07-18 04:13:34,-19.55,169.2667,77.49,83,22,14.97
189,Miguel Auza,MX,2022-07-18 04:13:34,24.2933,-103.4503,70.93,28,1,5.59
190,Longyearbyen,SJ,2022-07-18 04:13:35,78.2186,15.6401,57.04,67,20,27.63
191,Georgetown,MY,2022-07-18 04:09:59,5.4112,100.3354,89.53,74,20,2.3
192,Nouadhibou,MR,2022-07-18 04:13:36,20.931,-17.0347,69.94,80,94,23.33
193,Alepe,CI,2022-07-18 04:13:37,5.5004,-3.6631,76.87,88,95,4.14
194,San Carlos De Bariloche,AR,2022-07-18 04:08:55,-41.1456,-71.3082,23.58,90,35,7.27
195,La Sarre,CA,2022-07-18 04:11:38,48.8002,-79.1996,63.52,70,35,6.42
196,Fortuna,US,2022-07-18 04:08:44,40.5982,-124.1573,58.66,81,2,4.34
197,Auki,SB,2022-07-18 04:13:39,-8.7676,160.7034,86.22,58,19,4.85
198,Axim,GH,2022-07-18 04:13:40,4.8699,-2.2405,74.68,80,75,8.72
199,Hambantota,LK,2022-07-18 04:13:40,6.1241,81.1185,86.43,63,62,16.93
200,Luena,AO,2022-07-18 04:13:41,-11.7833,19.9167,47.23,56,19,6.17
201,Zhezkazgan,KZ,2022-07-18 04:13:42,47.8043,67.7144,80.58,41,20,6.71
202,Fairbanks,US,2022-07-18 04:09:34,64.8378,-147.7164,64.4,66,100,6.91
203,Korla,CN,2022-07-18 04:13:44,41.7597,86.1469,87.62,18,0,10.27
204,Najran,SA,2022-07-18 04:13:45,17.4924,44.1277,82.85,24,30,6.98
205,Airai,TL,2022-07-18 04:13:45,-8.9266,125.4092,70.11,49,12,3.85
206,Aquiraz,BR,2022-07-18 04:13:46,-3.9014,-38.3911,79.18,86,6,14.03
207,Sinnai,IT,2022-07-18 04:13:47,39.3042,9.2036,75.47,76,0,4.61
208,Mar Del Plata,AR,2022-07-18 04:13:47,-38.0023,-57.5575,51.1,63,0,17.27
209,Funadhoo,MV,2022-07-18 04:13:48,6.15,73.2667,82.09,75,100,13.8
210,Yar-Sale,RU,2022-07-18 04:13:48,66.8333,70.8333,67.75,47,96,9.37
211,Paragominas,BR,2022-07-18 04:13:49,-2.9667,-47.4833,70.39,84,22,3.04
212,Saint George,US,2022-07-18 04:13:50,37.1041,-113.5841,97.39,17,0,16.11
213,Avera,US,2022-07-18 04:13:51,33.194,-82.5271,78.85,89,4,5.61
214,Bail Hongal,IN,2022-07-18 04:13:51,15.8167,74.8667,74.44,85,100,13.33
215,Helena,US,2022-07-18 04:10:07,46.5927,-112.0361,76.19,55,0,5.75
216,Cayenne,GF,2022-07-18 04:11:46,4.9333,-52.3333,81.09,1,0,0.0
217,Kahului,US,2022-07-18 04:12:12,20.8947,-156.47,82.42,66,0,21.85
218,Taoudenni,ML,2022-07-18 04:13:53,22.6783,-3.9836,93.72,8,48,6.33
219,Bandarbeyla,SO,2022-07-18 04:13:54,9.4942,50.8122,80.2,57,99,30.15
220,Yasnyy,RU,2022-07-18 04:13:55,51.0333,59.8742,76.55,51,65,3.49
221,Santarem,BR,2022-07-18 04:13:49,-2.4431,-54.7083,80.73,94,0,5.75
222,Kodinsk,RU,2022-07-18 04:13:56,58.6881,99.1844,68.07,53,100,8.28
223,Gasa,PS,2022-07-18 04:13:57,31.5,34.4667,71.89,81,0,1.79
224,Laguna,US,2022-07-18 04:13:57,38.421,-121.4238,88.68,30,0,8.05
225,Cahors,FR,2022-07-18 04:13:58,44.4167,1.3333,68.63,48,0,6.89
226,Sao Joao Da Barra,BR,2022-07-18 04:13:59,-21.6403,-41.0511,70.23,88,59,12.46
227,Tigil,RU,2022-07-18 04:13:59,57.8,158.6667,67.75,64,78,17.4
228,Olafsvik,IS,2022-07-18 04:14:00,64.8945,-23.7142,50.18,84,95,7.52
229,Pachino,IT,2022-07-18 04:09:12,36.7186,15.0907,78.8,58,0,5.57
230,Manzanillo,CU,2022-07-18 04:14:01,20.3433,-77.1167,77.09,87,9,3.8
231,Mount Isa,AU,2022-07-18 04:14:02,-20.7333,139.5,76.77,29,0,8.05
232,Esperance,AU,2022-07-18 04:15:02,-33.8667,121.9,53.44,88,100,15.28
233,Ormara,PK,2022-07-18 04:15:03,25.2088,64.6357,84.22,86,99,20.09
234,Ahipara,NZ,2022-07-18 04:15:04,-35.1667,173.1667,57.36,79,100,9.8
235,Kruisfontein,ZA,2022-07-18 04:15:05,-34.0033,24.7314,54.57,73,1,1.41
236,Port Blair,IN,2022-07-18 04:15:06,11.6667,92.75,84.4,75,98,11.25
237,Ulaangom,MN,2022-07-18 04:15:06,49.9811,92.0667,77.88,34,93,9.64
238,Hofn,IS,2022-07-18 04:15:07,64.2539,-15.2082,51.6,81,100,5.64
239,Honiara,SB,2022-07-18 04:10:31,-9.4333,159.95,87.84,57,22,8.12
240,Barrow,US,2022-07-18 04:15:10,71.2906,-156.7887,41.02,81,20,19.57
241,Pisco,PE,2022-07-18 04:15:10,-13.7,-76.2167,58.01,88,27,4.61
242,Celestun,MX,2022-07-18 04:15:11,20.8667,-90.4,80.64,79,11,14.12
243,Road Town,VG,2022-07-18 04:12:11,18.4167,-64.6167,80.69,78,1,19.51
244,Puerto Narino,CO,2022-07-18 04:15:12,-3.7703,-70.3831,73.83,95,89,1.9
245,Loandjili,CG,2022-07-18 04:15:13,-4.7561,11.8578,68.92,94,18,4.09
246,Hoi An,VN,2022-07-18 04:12:19,15.8794,108.335,96.76,56,91,1.63
247,Thompson,CA,2022-07-18 04:15:14,55.7435,-97.8558,66.36,77,75,0.0
248,Moerai,PF,2022-07-18 04:15:15,-22.4333,-151.3333,72.45,68,76,17.58
249,Conde,BR,2022-07-18 04:12:09,-7.2597,-34.9075,69.26,100,20,5.75
250,Nueva Loja,EC,2022-07-18 04:15:16,0.0847,-76.8828,69.84,99,100,1.79
251,Wittenberge,DE,2022-07-18 04:15:17,53.0,11.75,57.0,83,89,2.51
252,Ola,RU,2022-07-18 04:15:17,59.5833,151.2833,77.14,84,79,6.44
253,Puerto Lleras,CO,2022-07-18 04:15:18,3.0223,-73.4044,69.64,99,100,1.88
254,Massaguet,TD,2022-07-18 04:15:18,12.4755,15.4365,75.04,81,100,6.4
255,Kalmunai,LK,2022-07-18 04:15:19,7.4167,81.8167,87.22,61,56,4.38
256,Hualmay,PE,2022-07-18 04:15:20,-11.0964,-77.6139,61.59,84,52,8.9
257,Dingle,PH,2022-07-18 04:15:21,10.9995,122.6711,78.15,91,100,7.29
258,Dhidhdhoo,MV,2022-07-18 04:15:21,6.8833,73.1,81.52,78,100,13.82
259,Nemuro,JP,2022-07-18 04:15:22,43.3236,145.575,64.94,93,97,10.69
260,Luderitz,NA,2022-07-18 04:15:23,-26.6481,15.1594,61.03,54,1,7.38
261,Nanakuli,US,2022-07-18 04:15:24,21.3906,-158.1547,84.15,59,40,11.5
262,Kovur,IN,2022-07-18 04:15:25,14.4833,79.9833,87.26,56,100,16.75
263,Acarau,BR,2022-07-18 04:15:26,-2.8856,-40.12,78.08,80,6,16.08
264,Buraydah,SA,2022-07-18 04:15:26,26.326,43.975,88.25,12,38,9.19
265,Deputatskiy,RU,2022-07-18 04:12:17,69.3,139.9,64.17,38,63,4.5
266,Ballina,AU,2022-07-18 04:15:27,-28.8667,153.5667,74.01,46,11,4.23
267,Kununurra,AU,2022-07-18 04:12:00,-15.7667,128.7333,85.98,30,31,8.05
268,Kendari,ID,2022-07-18 04:15:28,-3.945,122.4989,80.1,84,100,2.28
269,Guilin,CN,2022-07-18 04:15:29,25.2819,110.2864,87.91,70,100,6.71
270,Linxia,CN,2022-07-18 04:15:30,35.6003,103.2064,61.57,74,100,1.21
271,Xai-Xai,MZ,2022-07-18 04:15:30,-25.0519,33.6442,64.78,91,5,1.36
272,Kokoda,PG,2022-07-18 04:15:31,-8.8785,147.7407,80.91,87,100,2.93
273,Grootfontein,NA,2022-07-18 04:15:32,-19.5667,18.1167,38.77,75,0,3.44
274,Severobaykalsk,RU,2022-07-18 04:15:33,55.65,109.3167,56.46,72,46,4.18
275,Dryden,CA,2022-07-18 04:15:23,49.7833,-92.7503,62.89,94,100,17.27
276,Alice Springs,AU,2022-07-18 04:15:03,-23.7,133.8833,71.15,12,7,12.66
277,Kavieng,PG,2022-07-18 04:15:34,-2.5744,150.7967,83.84,76,100,14.76
278,Linden,GY,2022-07-18 04:12:21,6.0,-58.3,72.93,98,58,1.88
279,Oranjemund,NA,2022-07-18 04:16:35,-28.55,16.4333,55.53,84,2,4.36
280,Yerbogachen,RU,2022-07-18 04:16:36,61.2767,108.0108,72.57,48,82,4.43
281,Senekal,ZA,2022-07-18 04:16:37,-28.3197,27.6208,41.49,57,0,2.17
282,Waitati,NZ,2022-07-18 04:16:37,-45.75,170.5667,58.42,58,92,21.79
283,Guerrero Negro,MX,2022-07-18 04:12:34,27.9769,-114.0611,68.67,79,0,12.46
284,Naze,JP,2022-07-18 04:16:38,28.3667,129.4833,81.52,85,100,19.15
285,La Romana,DO,2022-07-18 04:16:39,18.4273,-68.9728,78.33,83,1,11.81
286,Sovetskiy,RU,2022-07-18 04:16:40,61.3614,63.5842,72.09,39,92,2.17
287,Egvekinot,RU,2022-07-18 04:16:40,66.3167,-179.1667,39.78,41,100,33.38
288,Caucaia,BR,2022-07-18 04:13:24,-3.7361,-38.6531,79.03,75,75,17.27
289,Council Bluffs,US,2022-07-18 04:16:41,41.2619,-95.8608,78.31,78,0,3.44
290,Kaeo,NZ,2022-07-18 04:16:42,-35.1,173.7833,61.32,81,92,11.03
291,Hithadhoo,MV,2022-07-18 04:16:43,-0.6,73.0833,82.08,72,100,18.19
292,Adeje,ES,2022-07-18 04:13:35,28.1227,-16.726,76.1,58,20,16.11
293,Le Vauclin,MQ,2022-07-18 04:16:44,14.5452,-60.8388,80.65,78,20,13.8
294,Atar,MR,2022-07-18 04:16:45,20.5169,-13.0499,88.9,34,42,6.46
295,Roald,NO,2022-07-18 04:16:45,62.5833,6.1333,59.16,88,40,12.66
296,Smithers,CA,2022-07-18 04:15:10,54.7804,-127.1743,58.23,75,99,5.01
297,Beringovskiy,RU,2022-07-18 04:16:46,63.05,179.3167,50.85,41,6,15.21
298,Assiniboia,CA,2022-07-18 04:16:47,49.6334,-105.9845,69.62,68,13,8.05
299,Killybegs,IE,2022-07-18 04:16:48,54.6333,-8.45,58.59,93,100,3.78
300,Saint-Augustin,CA,2022-07-18 04:16:48,51.226,-58.6502,58.68,93,95,8.43
301,Alcala La Real,ES,2022-07-18 04:16:49,37.4614,-3.923,69.35,41,0,3.18
302,Henties Bay,NA,2022-07-18 04:16:50,-22.116,14.2845,66.81,42,4,9.19
303,Dikson,RU,2022-07-18 04:13:54,73.5069,80.5464,44.38,75,97,8.48
304,Skibbereen,IE,2022-07-18 04:16:51,51.55,-9.2667,65.1,90,11,5.68
305,Nawalgarh,IN,2022-07-18 04:16:52,27.85,75.2667,92.66,46,43,8.41
306,Agadez,NE,2022-07-18 04:16:52,19.75,10.25,84.34,43,5,8.52
307,Chiang Rai,TH,2022-07-18 04:16:53,19.9167,99.9167,92.12,62,20,6.91
308,Luchegorsk,RU,2022-07-18 04:16:54,46.4764,134.2569,71.91,85,99,3.49
309,Severo-Kurilsk,RU,2022-07-18 04:16:54,50.6789,156.125,56.64,93,100,0.89
310,Mayumba,GA,2022-07-18 04:16:55,-3.432,10.6554,68.61,91,10,2.64
311,Azul,AR,2022-07-18 04:16:56,-36.777,-59.8585,47.34,47,100,11.54
312,Husavik,IS,2022-07-18 04:16:56,66.0449,-17.3389,44.76,90,59,1.61
313,Aitape,PG,2022-07-18 04:16:57,-3.1374,142.3475,84.22,70,66,6.82
314,Cedar City,US,2022-07-18 04:15:54,37.6775,-113.0619,83.37,26,0,24.16
315,Koslan,RU,2022-07-18 04:16:58,63.4564,48.8989,66.67,53,88,3.38
316,Tanout,NE,2022-07-18 04:16:59,14.9709,8.8879,75.74,75,25,7.4
317,Fayaoue,NC,2022-07-18 04:17:00,-20.65,166.5333,75.51,80,83,15.61
318,Abha,SA,2022-07-18 04:17:01,18.2164,42.5053,66.45,42,0,0.0
319,Sao Joao Nepomuceno,BR,2022-07-18 04:17:01,-21.54,-43.0106,61.59,72,22,3.38
320,Kasongo-Lunda,CD,2022-07-18 04:17:02,-6.4667,16.8167,67.98,73,47,2.15
321,Burnie,AU,2022-07-18 04:17:03,-41.0667,145.9167,48.94,49,79,10.31
322,Batagay-Alyta,RU,2022-07-18 04:12:16,67.8006,130.4114,67.46,55,94,6.8
323,Bull Savanna,JM,2022-07-18 04:17:04,17.8868,-77.5902,77.47,76,22,9.4
324,Rio Grande,BR,2022-07-18 04:17:05,-32.035,-52.0986,37.94,83,0,6.22
325,Salalah,OM,2022-07-18 04:18:06,17.0151,54.0924,77.09,94,100,5.75
326,San Cristobal,VE,2022-07-18 04:18:06,7.7669,-72.225,69.98,98,48,2.64
327,Darasun,RU,2022-07-18 04:18:08,51.6667,114.0,79.9,25,70,6.96
328,Soldotna,US,2022-07-18 04:18:08,60.4878,-151.0583,57.22,81,0,25.32
329,Cap Malheureux,MU,2022-07-18 04:18:09,-19.9842,57.6142,71.47,68,47,10.0
330,Prince Rupert,CA,2022-07-18 04:14:47,54.3161,-130.3201,54.27,93,100,2.01
331,Cabo San Lucas,MX,2022-07-18 04:15:40,22.8909,-109.9124,85.51,59,48,5.93
332,Broken Hill,AU,2022-07-18 04:18:11,-31.95,141.4333,54.73,41,6,9.75
333,Netrakona,BD,2022-07-18 04:18:12,24.8833,90.7167,89.85,63,20,6.62
334,Solnechnyy,RU,2022-07-18 04:18:13,50.7214,136.6319,58.24,98,100,5.12
335,Apomu,NG,2022-07-18 04:18:14,7.3333,4.1833,68.59,99,92,1.74
336,Eslov,SE,2022-07-18 04:18:14,55.8393,13.3039,60.82,92,68,7.0
337,Ravar,IR,2022-07-18 04:18:15,31.2656,56.8055,88.86,8,0,1.1
338,Polyarnyy,RU,2022-07-18 04:18:16,69.1989,33.4478,59.41,72,52,8.19
339,Flinders,AU,2022-07-18 04:18:17,-34.5833,150.8552,62.38,44,1,8.99
340,Marsaxlokk,MT,2022-07-18 04:18:17,35.8419,14.5431,77.07,60,0,3.44
341,Kichera,RU,2022-07-18 04:18:18,55.9375,110.0997,68.86,53,8,6.2
342,Mandalgovi,MN,2022-07-18 04:18:18,45.7625,106.2708,79.59,20,95,15.9
343,Kanniyakumari,IN,2022-07-18 04:18:19,8.0833,77.5667,82.51,68,100,21.43
344,Coihaique,CL,2022-07-18 04:18:20,-45.5752,-72.0662,37.35,60,100,3.44
345,Saint-Doulchard,FR,2022-07-18 04:18:20,47.1037,2.352,64.78,42,10,7.25
346,Asyut,EG,2022-07-18 04:18:21,27.181,31.1837,79.21,42,5,5.97
347,Port Lincoln,AU,2022-07-18 04:16:15,-34.7333,135.8667,54.0,64,100,7.49
348,Narsaq,GL,2022-07-18 04:18:22,60.9167,-46.05,43.02,80,48,0.58
349,Lincoln,US,2022-07-18 04:14:35,40.8,-96.667,77.54,81,0,1.01
350,Kinsale,IE,2022-07-18 04:18:23,51.7075,-8.5306,62.24,94,20,6.91
351,Monrovia,LR,2022-07-18 04:15:23,6.3005,-10.7969,74.97,82,100,14.23
352,Palmer,US,2022-07-18 04:15:06,42.1584,-72.3287,72.77,83,0,4.61
353,Necochea,AR,2022-07-18 04:15:10,-38.5473,-58.7368,52.95,39,100,18.95
354,Isla Mujeres,MX,2022-07-18 04:18:25,21.2311,-86.731,84.25,78,0,12.17
355,Haines Junction,CA,2022-07-18 04:18:26,60.7522,-137.5108,58.95,51,100,12.66
356,Constitucion,CL,2022-07-18 04:18:26,-35.3333,-72.4167,48.65,88,100,5.1
357,Southbridge,US,2022-07-18 04:16:15,42.0751,-72.0334,71.71,93,100,3.0
358,Valparaiso,CL,2022-07-18 04:18:27,-33.0393,-71.6273,50.47,64,0,4.61
359,Mahebourg,MU,2022-07-18 04:18:28,-20.4081,57.7,71.26,78,75,14.97
360,Aviles,ES,2022-07-18 04:18:29,43.5547,-5.9248,72.18,87,0,5.75
361,Mathbaria,BD,2022-07-18 04:18:30,22.2876,89.9593,88.63,67,39,11.99
362,Santana Do Matos,BR,2022-07-18 04:18:30,-5.9575,-36.6556,71.42,80,16,16.98
363,West Wendover,US,2022-07-18 04:18:31,40.7391,-114.0733,79.81,39,0,3.44
364,Tuatapere,NZ,2022-07-18 04:15:31,-46.1333,167.6833,52.39,94,100,7.07
365,Rorvik,NO,2022-07-18 04:18:32,64.8621,11.2373,53.71,94,75,12.66
366,Ancud,CL,2022-07-18 04:13:51,-41.8697,-73.8203,40.23,74,25,6.26
367,Peniche,PT,2022-07-18 04:18:33,39.3558,-9.3811,64.29,87,0,5.79
368,Saint-Georges,GD,2022-07-18 04:18:34,12.0564,-61.7485,80.28,83,20,20.71
369,Krivosheino,RU,2022-07-18 04:18:35,57.3431,83.9261,59.86,77,100,11.27
370,Sassandra,CI,2022-07-18 04:18:35,4.95,-6.0833,74.39,84,93,9.44
371,Donghai,CN,2022-07-18 04:19:36,22.9459,115.642,89.8,64,100,15.08
372,Kumbo,CM,2022-07-18 04:19:37,6.2,10.6667,56.05,95,100,2.64
373,Mahanoro,MG,2022-07-18 04:19:38,-19.9,48.8,68.02,86,93,7.9
374,Nisia Floresta,BR,2022-07-18 04:19:38,-6.0911,-35.2086,71.98,88,9,7.72
375,Yarkovo,RU,2022-07-18 04:19:39,57.4028,67.0786,70.88,49,2,3.06
376,Kutum,SD,2022-07-18 04:19:40,14.2,24.6667,74.44,66,80,6.31
377,Pangnirtung,CA,2022-07-18 04:19:40,66.1451,-65.7125,48.88,74,58,1.59
378,Harboore,DK,2022-07-18 04:19:41,56.6175,8.1807,60.19,90,100,13.42
379,Te Anau,NZ,2022-07-18 04:19:42,-45.4167,167.7167,52.61,89,100,11.52
380,Yarmouth,US,2022-07-18 04:16:40,41.7057,-70.2286,74.98,94,100,4.61
381,Taywarah,AF,2022-07-18 04:19:43,33.35,64.4167,72.63,13,0,4.18
382,Upernavik,GL,2022-07-18 04:19:43,72.7868,-56.1549,39.4,94,77,9.51
383,Tezu,IN,2022-07-18 04:19:44,27.9167,96.1667,78.49,100,83,1.66
384,Tura,IN,2022-07-18 04:19:45,25.5198,90.2201,85.73,66,12,6.42
385,Sitka,US,2022-07-18 04:19:46,57.0531,-135.33,55.29,94,100,6.91
386,Andenes,NO,2022-07-18 04:19:46,69.3143,16.1194,49.93,100,75,1.14
387,Kirkuk,IQ,2022-07-18 04:19:47,35.4681,44.3922,93.74,16,0,4.7
388,Paamiut,GL,2022-07-18 04:19:47,61.994,-49.6678,44.65,81,100,4.25
389,Okhotsk,RU,2022-07-18 04:19:48,59.3833,143.3,62.87,80,88,8.84
390,Keetmanshoop,NA,2022-07-18 04:19:49,-26.5833,18.1333,52.93,38,3,11.86
391,Samagaltay,RU,2022-07-18 04:19:49,50.6022,95.0047,77.02,30,17,8.48
392,Igarka,RU,2022-07-18 04:19:50,67.4667,86.5833,61.25,56,95,8.79
393,Goulburn,AU,2022-07-18 04:17:29,-34.75,149.7167,41.56,69,85,14.29
394,San Isidro,PE,2022-07-18 04:19:51,-12.1167,-77.05,61.02,86,100,8.05
395,Humberto De Campos,BR,2022-07-18 04:19:52,-2.5983,-43.4611,76.15,86,41,6.08
396,Itarema,BR,2022-07-18 04:15:20,-2.9248,-39.9167,77.63,80,6,15.01
397,Semey,KZ,2022-07-18 04:19:53,50.4111,80.2275,71.82,43,0,17.9
398,Monte Alegre De Sergipe,BR,2022-07-18 04:19:54,-10.0272,-37.5622,62.53,94,2,4.45
399,Bambous Virieux,MU,2022-07-18 04:19:54,-20.3428,57.7575,71.22,78,75,14.97
400,Inongo,CD,2022-07-18 04:19:56,-1.95,18.2667,66.6,97,99,1.5
401,Varhaug,NO,2022-07-18 04:19:56,58.6147,5.6457,58.86,95,100,10.16
402,Maldonado,UY,2022-07-18 04:18:13,-34.6667,-54.9167,48.22,74,98,10.2
403,Rongcheng,CN,2022-07-18 04:19:57,30.634,117.8517,87.4,75,81,4.61
404,Olonets,RU,2022-07-18 04:19:58,60.9847,32.9698,56.55,90,77,4.99
405,Kavaratti,IN,2022-07-18 04:17:06,10.5669,72.642,81.99,78,100,17.54
406,Pyapon,MM,2022-07-18 04:19:59,16.2833,95.6833,87.28,68,28,5.44
407,Moose Factory,CA,2022-07-18 04:20:00,51.2585,-80.6094,68.0,88,51,2.3
408,Rock Sound,BS,2022-07-18 04:20:01,24.9,-76.2,82.36,79,4,17.34
409,Srednekolymsk,RU,2022-07-18 04:20:01,67.45,153.6833,64.35,35,50,13.91
410,Kuldiga,LV,2022-07-18 04:20:02,56.974,21.9572,58.69,82,100,6.29
411,Jumla,NP,2022-07-18 04:20:03,29.2747,82.1838,73.67,64,72,3.8
412,Chatellerault,FR,2022-07-18 04:20:04,46.8,0.5333,68.72,60,27,8.68
413,Hasaki,JP,2022-07-18 04:20:04,35.7333,140.8333,91.29,80,100,1.36
414,Bambanglipuro,ID,2022-07-18 04:20:05,-7.95,110.2833,83.16,69,70,11.1
415,Mortka,RU,2022-07-18 04:20:06,59.3322,66.0214,71.02,50,0,3.22
416,Goderich,CA,2022-07-18 04:20:06,43.7501,-81.7165,71.92,78,100,4.61
417,Laibin,CN,2022-07-18 04:20:07,23.7,109.2667,88.38,72,100,12.48
418,Avigliano,IT,2022-07-18 04:21:08,40.7329,15.72,63.66,70,4,2.48
419,Mahina,PF,2022-07-18 04:21:09,-17.5065,-149.489,76.77,65,20,6.91
420,Conakry,GN,2022-07-18 04:21:09,9.538,-13.6773,77.07,94,75,13.8
421,San Blas,MX,2022-07-18 04:21:10,21.5167,-105.2667,80.13,84,98,5.39
422,High Level,CA,2022-07-18 04:21:10,58.5169,-117.136,71.11,48,96,6.38
423,Calvinia,ZA,2022-07-18 04:21:11,-31.4707,19.776,51.19,45,0,7.0
424,Majene,ID,2022-07-18 04:21:12,-3.5403,118.9707,79.88,76,99,10.04
425,Maroantsetra,MG,2022-07-18 04:21:12,-15.4333,49.7333,66.83,85,25,3.0
426,Caceres,ES,2022-07-18 04:21:13,39.522,-6.3748,72.1,52,22,4.25
427,Shagonar,RU,2022-07-18 04:21:14,51.5333,92.8,63.36,80,99,4.61
428,Hobyo,SO,2022-07-18 04:21:14,5.3505,48.5268,76.66,76,86,24.74
429,Lively,CA,2022-07-18 04:21:15,46.4334,-81.1498,61.02,85,0,2.04
430,Chapais,CA,2022-07-18 04:21:16,49.7834,-74.8492,60.73,67,48,6.26
431,Mahajanga,MG,2022-07-18 04:21:16,-15.7167,46.3167,68.02,64,20,6.91
432,Ulladulla,AU,2022-07-18 04:21:17,-35.35,150.4667,58.71,37,3,5.14
433,Parainen,FI,2022-07-18 04:21:18,60.3067,22.301,57.15,67,98,5.35
434,Inegol,TR,2022-07-18 04:21:18,40.0781,29.5133,61.88,72,0,3.04
435,Yenagoa,NG,2022-07-18 04:21:19,4.9247,6.2642,71.58,92,64,2.89
436,Saint-Francois,FR,2022-07-18 04:21:20,46.4154,3.9054,53.67,94,0,2.3
437,Progreso,MX,2022-07-18 04:21:20,21.2833,-89.6667,82.51,82,16,11.34
438,Ahlat,TR,2022-07-18 04:21:21,38.7518,42.4814,75.18,36,0,3.85
439,Piacabucu,BR,2022-07-18 04:21:22,-10.4056,-36.4344,72.21,85,37,5.66
440,Wanning,CN,2022-07-18 04:21:23,18.8003,110.3967,89.4,70,100,12.1
441,Aswan,EG,2022-07-18 04:21:23,24.0934,32.907,83.07,24,29,7.47
442,Vila Do Maio,CV,2022-07-18 04:21:24,15.1333,-23.2167,74.19,79,71,20.76
443,Capao Da Canoa,BR,2022-07-18 04:21:25,-29.7456,-50.0097,51.6,83,0,3.87
444,Ostrovnoy,RU,2022-07-18 04:21:09,68.0531,39.5131,60.1,67,99,9.98
445,Teya,RU,2022-07-18 04:21:26,60.3778,92.6267,59.94,84,100,12.39
446,Zlitan,LY,2022-07-18 04:21:26,32.4674,14.5687,74.53,73,0,0.94
447,Majengo,TZ,2022-07-18 04:21:27,-5.15,38.9833,65.93,88,24,7.54
448,La Seyne-Sur-Mer,FR,2022-07-18 04:21:28,43.0982,5.8847,81.88,64,0,1.01
449,Trelew,AR,2022-07-18 04:21:28,-43.249,-65.3051,44.49,52,32,26.42
450,Changuinola,PA,2022-07-18 04:21:29,9.4333,-82.5167,78.28,87,100,3.29
451,Darab,IR,2022-07-18 04:21:30,28.7519,54.5444,94.3,8,0,4.32
452,Kuala Sungai Baru,MY,2022-07-18 04:21:31,2.3594,102.0353,87.84,66,94,5.35
453,Senanga,ZM,2022-07-18 04:21:31,-16.1167,23.2667,45.46,68,0,5.39
454,Berezovyy,RU,2022-07-18 04:21:33,51.6667,135.7,64.4,77,100,7.74
455,Lanquin,GT,2022-07-18 04:21:33,15.5667,-89.9667,68.2,95,10,2.84
456,Bowmore,US,2022-07-18 04:21:34,34.9421,-79.3031,79.9,84,0,6.91
457,Urusha,RU,2022-07-18 04:21:34,54.05,122.9,80.8,49,55,5.59
458,Havre-Saint-Pierre,CA,2022-07-18 04:21:35,50.2334,-63.5986,55.4,82,59,7.14
459,Barra Do Garcas,BR,2022-07-18 04:21:36,-15.89,-52.2567,68.97,40,0,3.13
460,Juan Lacaze,UY,2022-07-18 04:21:37,-34.4342,-57.4381,43.12,78,95,14.99
461,Kiruna,SE,2022-07-18 04:18:49,67.8557,20.2251,45.52,87,40,0.0
462,Eureka,US,2022-07-18 04:21:38,40.8021,-124.1637,58.93,85,3,2.73
463,Akdepe,TM,2022-07-18 04:22:38,42.0551,59.3788,93.29,16,0,12.15
464,Svay Rieng,KH,2022-07-18 04:22:39,11.0879,105.7993,88.75,62,95,11.23
465,Touros,BR,2022-07-18 04:22:40,-5.1989,-35.4608,73.9,81,16,13.06
466,Gazanjyk,TM,2022-07-18 04:22:41,39.2446,55.5154,91.27,32,0,2.66
467,Saurimo,AO,2022-07-18 04:17:57,-9.6608,20.3916,58.59,40,91,6.89
468,Tamandare,BR,2022-07-18 04:22:42,-8.7597,-35.1047,73.69,80,4,7.16
469,Lagunas,PE,2022-07-18 04:22:43,-5.2269,-75.6753,71.55,99,86,0.72
470,Bartlesville,US,2022-07-18 04:21:00,36.7473,-95.9808,85.95,65,0,12.66
471,Lasa,IT,2022-07-18 04:22:44,46.6166,10.7002,65.28,73,48,3.6
472,Praia Da Vitoria,PT,2022-07-18 04:22:44,38.7333,-27.0667,73.65,88,75,9.48
473,Kamskiye Polyany,RU,2022-07-18 04:22:45,55.4307,51.4171,72.41,80,1,5.26
474,Leningradskiy,RU,2022-07-18 04:22:46,69.3833,178.4167,33.04,95,98,24.18
475,Iowa City,US,2022-07-18 04:22:46,41.6611,-91.5302,72.86,82,0,3.44
476,Ust-Ilimsk,RU,2022-07-18 04:22:47,58.0006,102.6619,72.93,43,100,6.64
477,Dobeln,DE,2022-07-18 04:22:48,51.1167,13.1167,58.8,53,46,4.07
478,Besikduzu,TR,2022-07-18 04:22:49,41.052,39.2284,75.09,88,84,9.71
479,Anadyr,RU,2022-07-18 04:22:49,64.75,177.4833,50.5,39,0,24.61
480,Baherden,TM,2022-07-18 04:18:08,38.4362,57.4316,95.9,12,0,7.27
481,Biak,ID,2022-07-18 04:22:50,-0.9131,122.8766,72.36,93,100,3.11
482,Maniitsoq,GL,2022-07-18 04:22:51,65.4167,-52.9,43.2,92,100,11.99
483,Hvolsvollur,IS,2022-07-18 04:22:51,63.7533,-20.2243,44.85,97,76,2.55
484,Verkhniy Rohachyk,UA,2022-07-18 04:22:52,47.2505,34.338,63.52,54,0,11.68
485,Nizhnevartovsk,RU,2022-07-18 04:22:53,60.9344,76.5531,66.22,72,0,8.99
486,Tierra Blanca,HN,2022-07-18 04:22:53,14.5833,-88.5833,66.96,99,17,2.26
487,Tosu,JP,2022-07-18 04:22:54,33.3667,130.5167,84.15,74,75,11.5
488,Natal,BR,2022-07-18 04:22:31,-5.795,-35.2094,71.82,94,0,3.44
489,Aguimes,ES,2022-07-18 04:22:55,27.9054,-15.4461,68.63,73,20,27.63
490,Lixourion,GR,2022-07-18 04:22:56,38.2019,20.4314,78.44,63,0,2.73
491,Oskemen,KZ,2022-07-18 04:22:56,49.9565,82.6119,71.56,64,75,15.66
492,Ossora,RU,2022-07-18 04:22:57,59.2353,163.0719,55.74,96,100,6.44
493,Vikhorevka,RU,2022-07-18 04:22:58,56.1201,101.1636,72.99,61,94,7.23
494,Asosa,ET,2022-07-18 04:22:58,10.0667,34.5333,61.07,84,100,3.56
495,Coruripe,BR,2022-07-18 04:22:59,-10.1256,-36.1756,71.49,85,33,5.06
496,Pochutla,MX,2022-07-18 04:23:00,15.7432,-96.4661,78.82,93,75,4.25
497,Tarbert,GB,2022-07-18 04:23:00,55.8628,-5.4162,55.51,93,95,3.71
498,Buchanan,LR,2022-07-18 04:23:01,5.8808,-10.0467,75.51,87,100,13.27
499,Shache,CN,2022-07-18 04:23:02,38.4167,77.2406,91.72,13,0,2.39
500,Ithaca,US,2022-07-18 04:21:00,42.4406,-76.4966,75.29,80,40,1.01
501,Vaitape,PF,2022-07-18 04:23:03,-16.5167,-151.75,76.84,71,84,16.49
502,Constantine,DZ,2022-07-18 04:23:04,36.365,6.6147,71.01,49,0,1.14
503,Barahona,DO,2022-07-18 04:23:05,18.2085,-71.1008,79.47,84,19,6.76
504,Astoria,US,2022-07-18 04:23:06,46.1879,-123.8313,61.56,77,100,14.97
505,Rosario Oeste,BR,2022-07-18 04:23:07,-14.8361,-56.4275,67.77,69,0,4.07
506,Lujan,AR,2022-07-18 04:23:08,-34.5703,-59.105,46.11,75,100,4.0
507,San Vicente,AR,2022-07-18 04:23:08,-26.6167,-54.1333,40.86,97,1,2.75
508,Camacha,PT,2022-07-18 04:24:09,33.0833,-16.3333,65.62,83,40,8.05
509,Deqing,CN,2022-07-18 04:24:10,30.5448,119.9599,85.64,78,98,6.89
510,Bathsheba,BB,2022-07-18 04:24:11,13.2167,-59.5167,81.05,84,4,18.01
511,Zama,JP,2022-07-18 04:23:53,35.4889,139.3886,90.18,58,98,5.99
512,Aksarka,RU,2022-07-18 04:24:12,66.5606,67.7975,68.32,50,90,7.87
513,Colac,AU,2022-07-18 04:24:12,-38.3333,143.5833,48.16,74,94,9.15
514,Bow Island,CA,2022-07-18 04:24:13,49.8668,-111.3684,73.69,49,0,3.44
515,Kualakapuas,ID,2022-07-18 04:24:14,-3.0091,114.3876,85.26,61,100,0.54
516,Hamilton,US,2022-07-18 04:23:07,39.1834,-84.5333,72.99,96,100,9.22
517,Grimshaw,CA,2022-07-18 04:23:55,56.1834,-117.6027,62.82,71,70,6.67
518,Riviere-Au-Renard,CA,2022-07-18 04:24:15,48.9957,-64.3971,62.62,77,80,7.34
519,Kaabong,UG,2022-07-18 04:24:16,3.4836,34.1492,61.77,76,35,5.64
520,Sri Aman,MY,2022-07-18 04:24:16,1.2376,111.4621,89.65,66,20,2.3
521,Harnosand,SE,2022-07-18 04:24:17,62.6323,17.9379,55.99,68,97,8.95
522,Grand Gaube,MU,2022-07-18 04:21:08,-20.0064,57.6608,71.38,68,50,11.01
523,Nanning,CN,2022-07-18 04:24:18,22.8167,108.3167,91.85,64,100,11.72
524,Valley City,US,2022-07-18 04:24:19,46.9233,-98.0032,81.12,100,0,12.66
525,Sorland,NO,2022-07-18 04:24:19,67.667,12.6934,51.66,85,98,16.11
526,San Giuliano Milanese,IT,2022-07-18 04:24:20,45.3957,9.2876,80.56,58,0,4.61
527,Uvalde,US,2022-07-18 04:24:21,29.3669,-99.767,88.14,33,0,17.27
528,Birjand,IR,2022-07-18 04:24:22,32.8663,59.2211,88.27,8,0,4.61
529,Yulara,AU,2022-07-18 04:24:22,-25.2406,130.9889,69.69,12,89,14.05
530,Omboue,GA,2022-07-18 04:24:23,-1.5746,9.2618,69.6,91,10,4.07
531,Novouzensk,RU,2022-07-18 04:24:24,50.4592,48.1431,78.49,52,50,9.86
532,Irbeyskoye,RU,2022-07-18 04:24:24,55.6428,95.4522,62.1,78,100,11.03
533,San Quintin,MX,2022-07-18 04:24:25,30.4833,-115.95,67.8,84,6,5.37
534,Kalaleh,IR,2022-07-18 04:24:26,37.3807,55.4916,86.36,62,0,4.61
535,Sur,OM,2022-07-18 04:21:09,22.5667,59.5289,79.75,94,100,5.1
536,Champerico,GT,2022-07-18 04:24:27,14.3,-91.9167,80.28,80,82,0.94
537,Jinxiang,CN,2022-07-18 04:24:28,27.4327,120.6062,87.57,76,100,15.97
538,Misratah,LY,2022-07-18 04:24:29,32.3754,15.0925,78.03,64,0,4.65
539,Porto Belo,BR,2022-07-18 04:24:29,-27.1578,-48.5531,57.25,76,100,5.61
540,Sandviken,SE,2022-07-18 04:24:30,60.6167,16.7667,60.57,68,100,1.79
541,Dunedin,NZ,2022-07-18 04:24:31,-45.8742,170.5036,57.33,62,93,12.08
542,Sobolevo,RU,2022-07-18 04:24:31,54.4299,31.8996,54.07,90,100,7.67
543,Emerald,AU,2022-07-18 04:24:32,-23.5333,148.1667,74.34,44,3,4.16
544,Talakan,RU,2022-07-18 04:24:33,50.3167,130.3667,77.38,68,68,1.63
545,Fort Saint James,CA,2022-07-18 04:24:33,54.4333,-124.25,61.7,63,34,3.8
546,Puerto Escondido,MX,2022-07-18 04:24:34,15.85,-97.0667,80.73,81,99,5.86
547,Sretensk,RU,2022-07-18 04:24:35,52.2453,117.7093,71.73,73,100,4.9
548,Kuching,MY,2022-07-18 04:24:36,1.55,110.3333,86.22,70,20,4.61
549,Parry Sound,CA,2022-07-18 04:24:36,45.3501,-80.033,69.85,78,64,5.7
550,Tarko-Sale,RU,2022-07-18 04:24:37,64.9225,77.785,65.57,52,73,13.8
551,Xam Nua,LA,2022-07-18 04:24:38,20.4197,104.0439,86.56,54,100,6.11
552,Los Llanos De Aridane,ES,2022-07-18 04:24:38,28.6585,-17.9182,67.75,81,100,16.11
553,Suluq,LY,2022-07-18 04:25:39,31.6682,20.2521,77.0,66,0,12.73
554,Pahrump,US,2022-07-18 04:25:39,36.2083,-115.9839,98.26,22,0,4.0
555,Socorro,US,2022-07-18 04:25:41,31.6546,-106.3033,92.48,24,20,9.22
556,Preobrazheniye,RU,2022-07-18 04:25:41,42.9019,133.9064,66.92,79,94,6.22
